id,loc_id,filepath,heading,,
201,304,PILOT/GSV_PILOT_304_1.jpg,279,,
202,304,PILOT/GSV_PILOT_304_2.jpg,9,,
203,304,PILOT/GSV_PILOT_304_3.jpg,99,,
204,304,PILOT/GSV_PILOT_304_4.jpg,189,,
205,307,PILOT/GSV_PILOT_307_1.jpg,125,,
206,307,PILOT/GSV_PILOT_307_2.jpg,215,,
207,307,PILOT/GSV_PILOT_307_3.jpg,305,,
208,307,PILOT/GSV_PILOT_307_4.jpg,35,,
209,308,PILOT/GSV_PILOT_308_1.jpg,274,,
210,308,PILOT/GSV_PILOT_308_2.jpg,4,,
211,308,PILOT/GSV_PILOT_308_3.jpg,94,,
212,308,PILOT/GSV_PILOT_308_4.jpg,184,,
213,310,PILOT/GSV_PILOT_310_1.jpg,338,,
214,310,PILOT/GSV_PILOT_310_2.jpg,68,,
215,310,PILOT/GSV_PILOT_310_3.jpg,158,,
216,310,PILOT/GSV_PILOT_310_4.jpg,248,,
217,311,PILOT/GSV_PILOT_311_1.jpg,0,,
218,311,PILOT/GSV_PILOT_311_2.jpg,90,,
219,311,PILOT/GSV_PILOT_311_3.jpg,180,,
220,311,PILOT/GSV_PILOT_311_4.jpg,270,,
221,313,PILOT/GSV_PILOT_313_1.jpg,192,,
222,313,PILOT/GSV_PILOT_313_2.jpg,282,,
223,313,PILOT/GSV_PILOT_313_3.jpg,12,,
224,313,PILOT/GSV_PILOT_313_4.jpg,102,,
225,314,PILOT/GSV_PILOT_314_1.jpg,114,,
226,314,PILOT/GSV_PILOT_314_2.jpg,204,,
227,314,PILOT/GSV_PILOT_314_3.jpg,294,,
228,314,PILOT/GSV_PILOT_314_4.jpg,24,,
229,315,PILOT/GSV_PILOT_315_1.jpg,214,,
230,315,PILOT/GSV_PILOT_315_2.jpg,304,,
231,315,PILOT/GSV_PILOT_315_3.jpg,34,,
232,315,PILOT/GSV_PILOT_315_4.jpg,124,,
233,319,PILOT/GSV_PILOT_319_1.jpg,346,,
234,319,PILOT/GSV_PILOT_319_2.jpg,76,,
235,319,PILOT/GSV_PILOT_319_3.jpg,166,,
236,319,PILOT/GSV_PILOT_319_4.jpg,256,,
237,320,PILOT/GSV_PILOT_320_1.jpg,119,,
238,320,PILOT/GSV_PILOT_320_2.jpg,209,,
239,320,PILOT/GSV_PILOT_320_3.jpg,299,,
240,320,PILOT/GSV_PILOT_320_4.jpg,29,,
241,322,PILOT/GSV_PILOT_322_1.jpg,248,,
242,322,PILOT/GSV_PILOT_322_2.jpg,338,,
243,322,PILOT/GSV_PILOT_322_3.jpg,68,,
244,322,PILOT/GSV_PILOT_322_4.jpg,158,,
245,323,PILOT/GSV_PILOT_323_1.jpg,272,,
246,323,PILOT/GSV_PILOT_323_2.jpg,2,,
247,323,PILOT/GSV_PILOT_323_3.jpg,92,,
248,323,PILOT/GSV_PILOT_323_4.jpg,182,,
249,324,PILOT/GSV_PILOT_324_1.jpg,251,,
250,324,PILOT/GSV_PILOT_324_2.jpg,341,,
251,324,PILOT/GSV_PILOT_324_3.jpg,71,,
252,324,PILOT/GSV_PILOT_324_4.jpg,161,,
253,326,PILOT/GSV_PILOT_326_1.jpg,65,,
254,326,PILOT/GSV_PILOT_326_2.jpg,155,,
255,326,PILOT/GSV_PILOT_326_3.jpg,245,,
256,326,PILOT/GSV_PILOT_326_4.jpg,335,,
257,328,PILOT/GSV_PILOT_328_1.jpg,239,,
258,328,PILOT/GSV_PILOT_328_2.jpg,329,,
259,328,PILOT/GSV_PILOT_328_3.jpg,59,,
260,328,PILOT/GSV_PILOT_328_4.jpg,149,,
261,329,PILOT/GSV_PILOT_329_1.jpg,124,,
262,329,PILOT/GSV_PILOT_329_2.jpg,214,,
263,329,PILOT/GSV_PILOT_329_3.jpg,304,,
264,329,PILOT/GSV_PILOT_329_4.jpg,34,,
265,330,PILOT/GSV_PILOT_330_1.jpg,56,,
266,330,PILOT/GSV_PILOT_330_2.jpg,146,,
267,330,PILOT/GSV_PILOT_330_3.jpg,236,,
268,330,PILOT/GSV_PILOT_330_4.jpg,326,,
269,331,PILOT/GSV_PILOT_331_1.jpg,133,,
270,331,PILOT/GSV_PILOT_331_2.jpg,223,,
271,331,PILOT/GSV_PILOT_331_3.jpg,313,,
272,331,PILOT/GSV_PILOT_331_4.jpg,43,,
273,333,PILOT/GSV_PILOT_333_1.jpg,277,,
274,333,PILOT/GSV_PILOT_333_2.jpg,7,,
275,333,PILOT/GSV_PILOT_333_3.jpg,97,,
276,333,PILOT/GSV_PILOT_333_4.jpg,187,,
277,334,PILOT/GSV_PILOT_334_1.jpg,59,,
278,334,PILOT/GSV_PILOT_334_2.jpg,149,,
279,334,PILOT/GSV_PILOT_334_3.jpg,239,,
280,334,PILOT/GSV_PILOT_334_4.jpg,329,,
281,335,PILOT/GSV_PILOT_335_1.jpg,127,,
282,335,PILOT/GSV_PILOT_335_2.jpg,217,,
283,335,PILOT/GSV_PILOT_335_3.jpg,307,,
284,335,PILOT/GSV_PILOT_335_4.jpg,37,,
285,336,PILOT/GSV_PILOT_336_1.jpg,324,,
286,336,PILOT/GSV_PILOT_336_2.jpg,54,,
287,336,PILOT/GSV_PILOT_336_3.jpg,144,,
288,336,PILOT/GSV_PILOT_336_4.jpg,234,,
289,337,PILOT/GSV_PILOT_337_1.jpg,172,,
290,337,PILOT/GSV_PILOT_337_2.jpg,262,,
291,337,PILOT/GSV_PILOT_337_3.jpg,352,,
292,337,PILOT/GSV_PILOT_337_4.jpg,82,,
293,338,PILOT/GSV_PILOT_338_1.jpg,314,,
294,338,PILOT/GSV_PILOT_338_2.jpg,44,,
295,338,PILOT/GSV_PILOT_338_3.jpg,134,,
296,338,PILOT/GSV_PILOT_338_4.jpg,224,,
297,341,PILOT/GSV_PILOT_341_1.jpg,218,,
298,341,PILOT/GSV_PILOT_341_2.jpg,308,,
299,341,PILOT/GSV_PILOT_341_3.jpg,38,,
300,341,PILOT/GSV_PILOT_341_4.jpg,128,,
301,342,PILOT/GSV_PILOT_342_1.jpg,8,,
302,342,PILOT/GSV_PILOT_342_2.jpg,98,,
303,342,PILOT/GSV_PILOT_342_3.jpg,188,,
304,342,PILOT/GSV_PILOT_342_4.jpg,278,,
305,343,PILOT/GSV_PILOT_343_1.jpg,205,,
306,343,PILOT/GSV_PILOT_343_2.jpg,295,,
307,343,PILOT/GSV_PILOT_343_3.jpg,25,,
308,343,PILOT/GSV_PILOT_343_4.jpg,115,,
309,344,PILOT/GSV_PILOT_344_1.jpg,37,,
310,344,PILOT/GSV_PILOT_344_2.jpg,127,,
311,344,PILOT/GSV_PILOT_344_3.jpg,217,,
312,344,PILOT/GSV_PILOT_344_4.jpg,307,,
313,345,PILOT/GSV_PILOT_345_1.jpg,86,,
314,345,PILOT/GSV_PILOT_345_2.jpg,176,,
315,345,PILOT/GSV_PILOT_345_3.jpg,266,,
316,345,PILOT/GSV_PILOT_345_4.jpg,356,,
317,346,PILOT/GSV_PILOT_346_1.jpg,115,,
318,346,PILOT/GSV_PILOT_346_2.jpg,205,,
319,346,PILOT/GSV_PILOT_346_3.jpg,295,,
320,346,PILOT/GSV_PILOT_346_4.jpg,25,,
